0x1876eccb4edd3ed95051c64824430fc7f1c8763c,solo_staker
0x2b17924d0d2f3d70aefb07602c7926827677ba19,p2p
0x5bea039db7a516a2f1c258fe002c9ec9ac75730d,p2p ssv
0x6916487f0c4553b9ee2f401847b6c58341b76991,nodemonster
0x74b44741efbc3edc7f0cdade165eab1afe9c65ca,allnode-2
0x771a428b865a3984085ed49a0ca550dd222bb60b,nethermind
0x78ca32ac90d7f99225a3b9288d561e0cb3744899,allnodes
0x7c0576343975a1360ceb91238e7b7985b8d71bf4,dsrv
0x83b55df61cd1181f019df8e93d46bafd31806d50,A41
0xafbd66706f90bc56d29c39a260930b34b2757ed8,chainnodes
0xb8db44e12eacc48f7c2224a248c8990289556fae,finoa
0xc24fd5c977b982e2eb1ca1ae3f2d2daf28ace35a,pier_two
0xc9000c7c13e3498158d9cc1f6058aaffddd95b0a,blockdaemon
0xd1208cc82765aa4dc696117d26f37388b6dcb6d5,ssv_dvt
0xd624feff4b4e77486b544c93a30794ca4b3f10a2,cosmostation
0xe2f8cefcdee51f48e3ce5c4deea3095c43369b36,infstones
0xf92204022cdf7ee0763ef794f69427a9dd9a7834,validation_cloud
0xfa1d66bf587eea1c59c63e3e6f471c5805ea8a2f,Obol DVT